-- phpMyAdmin SQL Dump
-- version 5.1.1
-- https://www.phpmyadmin.net/
--
-- Hôte : localhost:3306
-- Généré le : mar. 19 oct. 2021 à 14:54
-- Version du serveur : 8.0.26
-- Version de PHP : 7.4.19

SET SQL_MODE = "NO_AUTO_VALUE_ON_ZERO";
START TRANSACTION;
SET time_zone = "+00:00";


/*!40101 SET @OLD_CHARACTER_SET_CLIENT=@@CHARACTER_SET_CLIENT */;
/*!40101 SET @OLD_CHARACTER_SET_RESULTS=@@CHARACTER_SET_RESULTS */;
/*!40101 SET @OLD_COLLATION_CONNECTION=@@COLLATION_CONNECTION */;
/*!40101 SET NAMES utf8mb4 */;

--
-- Base de données : `guillonruben`
--

DELIMITER $$
--
-- Procédures
--
CREATE DEFINER=`root`@`localhost` PROCEDURE `addMeuble` ()  BEGIN

 SET @maxi = 200 + RAND() * 300; 
 SET @i = 0;
 
 WHILE @i < @maxi DO
  SET @nomTemp = CONV(FLOOR(RAND() * 99999999999999), 20, 36);
  SET @referenceTemp = CONV(FLOOR(RAND() * 99999999999999), 20, 36);
  SET @descriptionTemp = CONV(FLOOR(RAND() * 99999999999999), 20, 36);
  SET @photoTemp = CONV(FLOOR(RAND() * 99999999999999), 20, 36);
  SET @largeurTemp = 300 + RAND() * 170;
  SET @hauteurTemp = 35 + RAND() * 145;
  SET @profondeurTemp = 30 + RAND() * 35;
  SET @poidsTemp = 2 + RAND() * 100;
  SET @prixTemp = 150 + RAND() * 2850;
  SET @idCollectionTemp = (SELECT idCollection FROM collection ORDER BY RAND() LIMIT 1);
  SET @idTypeTemp = (SELECT idType FROM type ORDER BY RAND() LIMIT 1);
  SET @idMateriauTemp = (SELECT idMateriau FROM materiau ORDER BY RAND() LIMIT 1);
  
  INSERT INTO meuble(nom, reference, description, cheminPhoto, largeur, hauteur, profondeur, poids, prix, idCollection, idType, idMateriau)
  VALUES(@nomTemp, @referenceTemp, @descriptionTemp, @photoTemp, @largeurTemp, @hauteurTemp, @profondeurTemp, @poidsTemp, @prixTemp, @idCollectionTemp, @idTypeTemp, @idMateriauTemp);
  
  SET @i = @i + 1;
 END WHILE;
 
 SELECT CONCAT(@i, 'meubles ajoutés') AS Resultat;
  
END$$

DELIMITER ;

-- --------------------------------------------------------

--
-- Structure de la table `collection`
--

CREATE TABLE `collection` (
  `idCollection` int NOT NULL,
  `nom` varchar(50) DEFAULT NULL,
  `idFamille` int NOT NULL
) ENGINE=InnoDB DEFAULT CHARSET=utf8mb4 COLLATE=utf8mb4_0900_ai_ci;

--
-- Déchargement des données de la table `collection`
--

INSERT INTO `collection` (`idCollection`, `nom`, `idFamille`) VALUES
(1, 'Morphéa', 1),
(2, 'Bulles de rêves', 1),
(3, 'Boston', 2),
(4, 'Solimax', 2),
(5, 'Old Ranch', 2),
(6, 'AmbiChêne', 3),
(7, 'Premier', 3),
(8, '2 Cosy', 3),
(9, 'Steel-Style', 4);

-- --------------------------------------------------------

--
-- Structure de la table `famille`
--

CREATE TABLE `famille` (
  `idFamille` int NOT NULL,
  `libelle` varchar(50) DEFAULT NULL
) ENGINE=InnoDB DEFAULT CHARSET=utf8mb4 COLLATE=utf8mb4_0900_ai_ci;

--
-- Déchargement des données de la table `famille`
--

INSERT INTO `famille` (`idFamille`, `libelle`) VALUES
(1, 'Literie'),
(2, 'Salon/séjour'),
(3, 'Salle à manger'),
(4, 'Bureau');

-- --------------------------------------------------------

--
-- Structure de la table `materiau`
--

CREATE TABLE `materiau` (
  `idMateriau` int NOT NULL,
  `nom` varchar(50) DEFAULT NULL,
  `montantParKilogramme` decimal(10,2) DEFAULT NULL
) ENGINE=InnoDB DEFAULT CHARSET=utf8mb4 COLLATE=utf8mb4_0900_ai_ci;

--
-- Déchargement des données de la table `materiau`
--

INSERT INTO `materiau` (`idMateriau`, `nom`, `montantParKilogramme`) VALUES
(1, 'Bois aggloméré', '0.06'),
(2, 'Bois massif', '0.05'),
(3, 'Mélaminé', '0.07'),
(4, 'Métal', '0.05'),
(5, 'Plastique', '0.09'),
(6, 'Céramique', '0.06'),
(7, 'Cuir', '0.08'),
(8, 'Tissu', '0.06');

-- --------------------------------------------------------

--
-- Structure de la table `meuble`
--

CREATE TABLE `meuble` (
  `idMeuble` int NOT NULL,
  `reference` varchar(15) DEFAULT NULL,
  `nom` varchar(50) DEFAULT NULL,
  `description` varchar(2000) CHARACTER SET utf8mb4 COLLATE utf8mb4_0900_ai_ci DEFAULT NULL,
  `largeur` int DEFAULT NULL,
  `hauteur` int DEFAULT NULL,
  `profondeur` int DEFAULT NULL,
  `poids` int DEFAULT NULL,
  `prix` decimal(10,2) DEFAULT NULL,
  `cheminPhoto` varchar(255) CHARACTER SET utf8mb4 COLLATE utf8mb4_0900_ai_ci DEFAULT NULL,
  `idCollection` int NOT NULL,
  `idType` int NOT NULL,
  `idMateriau` int NOT NULL
) ENGINE=InnoDB DEFAULT CHARSET=utf8mb4 COLLATE=utf8mb4_0900_ai_ci;

--
-- Déchargement des données de la table `meuble`
--

INSERT INTO `meuble` (`idMeuble`, `reference`, `nom`, `description`, `largeur`, `hauteur`, `profondeur`, `poids`, `prix`, `cheminPhoto`, `idCollection`, `idType`, `idMateriau`) VALUES
(1, '59S5BO1LHMGG', '4CV1VYVN5K22', '24MUIK9L6Y0A', 312, 123, 59, 34, '458.29', '1DNHNJ81CM8C', 3, 5, 8),
(2, '18TNQ6VCDV7G', '357JTF6H39ZZ', '2OTEIAUT3DIO', 352, 80, 52, 20, '241.77', '4HGF14I8EMDW', 2, 11, 6),
(3, '7UPXO3LU7J5', '3F1V4CRGLMA', '1EVR44ZEFPHV', 408, 171, 57, 4, '2481.77', '937QRQ8FBX6', 1, 2, 7),
(4, '2K1XKADFFZYJ', '2OH3WRJUBUY3', '4G9CZA5ZUOIK', 424, 105, 38, 70, '2201.50', '24DH4MOLLPPJ', 6, 2, 1),
(5, '2ITJRPCZKSIH', '558XOE0KJNQS', '2QZ8QDK6CEH2', 391, 48, 59, 96, '602.35', 'X0KQCZ2F7JH', 6, 11, 5),
(6, '4FBSMLE919G5', '1BG5PHZCPWLN', '5Q98KUQXQO82', 446, 135, 60, 24, '1714.15', '37SJJ9FRV5SS', 9, 1, 8),
(7, '3XACNSOLYOFC', '2MCPGPSVZTRE', '5TYJWPRQA8XI', 400, 69, 44, 27, '410.90', '5LXN5JBED1RE', 9, 7, 5),
(8, '4NG29C112H6X', '37IBIRBBFSDH', '2HOX91OJKYJG', 442, 88, 41, 47, '1042.73', '3QW9WF07HGYX', 6, 7, 4),
(9, '1VMEMWNO4F7T', '3RUFOMWI4NND', '40L0XQR363IT', 402, 91, 35, 54, '659.16', '37MH2QO6C4M3', 2, 6, 1),
(10, '2L1PQ6OAFQZQ', '1YRJ1Y5BHU8V', 'SAOSSU2S794', 461, 78, 52, 30, '1556.36', '2QR6DKALM4AV', 8, 12, 8),
(11, '2MKQKFWZRXF9', 'A3WUI940P7C', '5TK3F9MWO7RF', 408, 128, 41, 66, '907.76', '34JURKXKXCE7', 2, 5, 5),
(12, '59KT9KVG8DN0', '55AXCVUHPIZB', '59UOOPRR1GNU', 363, 94, 62, 40, '573.34', '50JXU1E2RCWM', 4, 2, 6),
(13, '2MI4WP820E8N', '37ORU53X7RFV', '3T6XF0E3I4PN', 324, 75, 64, 3, '511.34', '4ZJCL7QVMDZK', 4, 1, 3),
(14, '50LRNJS3ONQ0', '3H9GG0ZN02X', '5TSGGOHFSD9S', 341, 168, 60, 56, '471.43', '2L7MZF6U0YKF', 3, 7, 6),
(15, '22E6EG3C6JO0', '38T4ECP1S4CR', '191F6MI12UQ4', 465, 48, 49, 51, '2346.20', '5N40CZ8MDD68', 9, 5, 8),
(16, '5495FKBM8YSA', '9DOXLKCPG9D', '5UWAEWBYDL2I', 457, 106, 54, 97, '2152.01', '23CZ6PF1DKF9', 4, 11, 4),
(17, 'AB5968ENQLC', '40USUWPEP9LG', '24AVI70KF4WD', 300, 52, 50, 55, '2775.78', '3T74BADRKZ3H', 7, 13, 6),
(18, '78RJQFP4TDJ', '3CE3B8RW59M6', '3QYDECCWMW6P', 362, 80, 46, 34, '824.49', '532RUKOF00ME', 9, 4, 7),
(19, '50DZO2JHLV9S', '58GK5IAVS4DE', '25RWDW9NUWKN', 405, 92, 34, 42, '1977.61', '3AVNKEFR2YR8', 1, 2, 1),
(20, '50M9MD2E7HZC', '232Z9A6IBCBN', '5SHVXGOAH8DC', 461, 127, 42, 77, '2318.93', '22AOKI4J4SQT', 4, 8, 7),
(21, '3U5NAOLJ1JTK', '3T2I2XPZR8IS', '1VE7OSJ5BY50', 320, 148, 49, 40, '863.16', '3QQPBTS2VFF6', 8, 3, 8),
(22, '2OHF4SXUTYIP', '4GEBF11JGHPM', 'NNQ0OSM4FM9', 391, 58, 36, 46, '1950.59', 'UJ0L7VVJ2B7', 8, 4, 4),
(23, '2EY7LFIZ2IB', '4IMYA3DK8FOQ', '5536STMR4KJE', 377, 129, 61, 48, '2050.37', '18Y7DSP5RKYF', 4, 13, 8),
(24, '2NERERGDDYC', '1XH8SCBZJ95D', 'UL1YPZID1GP', 378, 165, 34, 93, '632.80', '4NBN8OSLUGRN', 7, 4, 4),
(26, '565BJMD3FA26', '5511TX4F3IJD', '4ISSFOJCCUGR', 418, 166, 45, 47, '2824.57', 'WO29K1IM09Z', 9, 10, 1),
(27, '203QBQU0IJZM', '5PHE1WQBQJNI', '5NYGL98YU7YC', 309, 120, 57, 8, '2976.09', '3AXY694T8HWM', 7, 1, 7),
(28, 'RF0IBD8O25X', '8AEB00C2LL', '4GKCLX1WKQ9L', 464, 52, 54, 10, '1148.30', '1CGB5XN789WE', 4, 10, 2),
(29, '19C389SD81H3', '3X8848IMYPIO', '6WXYGOQ2IFW', 344, 68, 43, 19, '2185.45', '40J37J44U220', 1, 9, 2),
(30, '40RAAR8KAWW4', '1CB6L7OQYMRS', '4KWQ7U04LT5E', 404, 136, 52, 12, '1807.82', '4M5LM3SPYXUC', 8, 8, 1),
(31, '1YR4W3ICYV8J', '647TNSR51UM', '2R1D5YUV5R6T', 426, 90, 53, 21, '2847.60', '2M4MCG3398QA', 2, 5, 7),
(32, '40XG38F5G2YV', '59I2Y0PVG46S', '4ZR402CYTCZ0', 357, 153, 32, 88, '515.03', '5RDDNYQB1VF4', 1, 1, 2),
(33, '6Y5I7RS6XCB', '51SFEIK0BS6O', '53WG2VQ109BC', 400, 161, 51, 35, '2647.91', '2F8NZA8X1SI', 5, 7, 5),
(34, '36K9BHWI0JGA', '5U01TJTFUME1', '40IPL4UDPAKS', 351, 162, 47, 80, '1416.09', '57A8CYRX5QG1', 6, 10, 8),
(35, '3R4ZS60S16F', '2KBKWWO6LZYH', '5LNUVHJSAV4I', 343, 47, 53, 8, '1071.01', '25B5CUVBQPUK', 8, 1, 7),
(36, 'WY1IJVXCK42', '1A7R7U2Z9CI1', '201INRQQN0VH', 409, 152, 34, 14, '914.20', 'Q450IB0JJJT', 2, 4, 8),
(37, '3459L1DLL3FP', '4CWO9TWDS743', '2HZEM5XIQWKP', 371, 109, 40, 91, '1869.80', '36OL8G6AU9AK', 9, 6, 2),
(38, '1A1MH89B5794', '37UJMQFJ72MW', '2ME091IVNENC', 404, 78, 52, 32, '1831.60', '3DIIMI62X3WD', 5, 4, 5),
(39, '5N8USEJ1P3LA', '1WQLSXTKRAPT', '3V1ENMDDU8W3', 359, 90, 60, 18, '764.80', '2NIJ9A86XLNY', 2, 9, 6),
(40, '1BGUKWPL45ID', '343X5LP8D0ZP', '3TZKETYOWHJ9', 389, 60, 40, 97, '2676.37', '2QVQFCI9Z3XK', 7, 4, 8),
(41, '4II48MUQHYOP', 'X03DNSJQVNN', 'SEXE8J62AJZ', 334, 92, 43, 68, '759.36', '37MJS50XDHWL', 1, 1, 3),
(42, '50LUX4FPZ8XH', '78Y3KAWDSWA', '5657DLHE6NRP', 432, 71, 63, 92, '2209.42', '577XS89C9DAW', 3, 10, 8),
(43, 'NPI2NMVBFYN', 'TEP1UT31XMY', '7YROSF9A2EP', 451, 92, 40, 24, '938.31', '2BBJV3FP2L7', 8, 7, 1),
(44, '76FPJG41RY3', '2127HO27SXNQ', '1H2B8INSBZ9Y', 314, 161, 33, 90, '394.99', 'VJPZZ54HCWO', 6, 2, 7),
(45, 'WPT57AY6GVN', 'WSB4VWQXFZ8', '24EKR8UVTA81', 391, 132, 55, 63, '2642.93', '1YZHGO1AUXAQ', 3, 11, 2),
(46, '3EB0S3VRV6I8', '4D4FG1GPWUAC', '552ZNM49JHXI', 451, 175, 36, 97, '885.53', '2RPHP5M7LOPQ', 7, 2, 3),
(47, '18TCFSNNK4WO', '2LFWFMU78X5O', '3ZP2ORTS5LGT', 314, 170, 44, 27, '156.49', '51XQR6NLMBPM', 3, 1, 8),
(48, '6UIVE977FYU', '3V5BQ9JNVERN', '23L1F5EKZ710', 371, 173, 47, 66, '2215.29', '4E0SY69979U6', 5, 6, 2),
(49, '1VOTJUHJJVVV', '5OEGTP4UO7VI', '4IT0SREJT2F5', 304, 112, 50, 34, '2580.58', '55B1JG9ZRM94', 9, 9, 6),
(50, '59EG3183XD8L', '5SK3SASA5OCG', '3B57GNK9FGGC', 317, 39, 59, 11, '2881.41', 'T58255XL1ZP', 7, 12, 5),
(51, '5SK4MDQR5XHM', '4FDM66QO6PUH', '3UZ2IEGMJ8JP', 410, 79, 50, 98, '368.37', '1WKSF10W2OUN', 2, 11, 8),
(52, '4LOOU0TSB7Z', '1VQ8R93J6PSD', '1HYUQMCZNSR5', 404, 61, 32, 77, '1795.43', '1J0SMG80D85M', 8, 6, 5),
(53, '3CCD7SZTFC4P', '1BI9FNNPV5CG', '19BTMNCUQQ3V', 457, 136, 55, 44, '2995.47', '1WCZOJS14ZOL', 9, 5, 8),
(54, '3T6K4H8EWC0K', '20ZRIL4ZJJP0', '99HDGLS6DNP', 377, 126, 58, 13, '564.08', '38L4YIC4ZZ3G', 9, 9, 5),
(55, '3440LMH31ASD', '25RKFZJFJ4DG', '1WIZ1XKRKQH1', 364, 134, 40, 41, '367.39', '6W52N3UOMMM', 7, 13, 6),
(56, '6Y9V2LM2Z46', '2347JEKUPJIT', '199EBNPT3DCP', 404, 111, 58, 39, '1473.57', '544XBT1WY3A7', 5, 12, 6),
(57, '37EOUJH7600C', '4ZH18XNDX0KY', '1DBESWGL729O', 358, 160, 41, 93, '1980.74', '3ROOLHMN4FRH', 3, 12, 1),
(58, '57JPHKIE886X', '3XC5ZV036PAE', '2HOT45W85R14', 411, 58, 59, 66, '2277.17', '234W1RH98UH8', 3, 1, 3),
(59, '22EH311PLZRE', 'EJ8RZRJT4C', '51HTFGQJZ3Z7', 388, 122, 46, 48, '2852.36', '5W1969WN8WHL', 8, 3, 6),
(60, '3478Y20C3D08', '36M6VJ0RQAV9', '5PD3AQU3Z6WW', 309, 145, 52, 90, '1579.85', 'UF0B2TKBL3X', 6, 7, 1),
(61, '6WVA1KOE0SB', '3B1DIQ48NYQS', '3SUYC62JB59O', 429, 39, 59, 15, '528.23', '5O8K2BNCF2YV', 7, 12, 8),
(62, 'PW2G7QOFNOG', '58QNS70DAJW5', '5VUZ215IYGYW', 444, 113, 35, 15, '767.67', '3AZULQPUID90', 7, 4, 4),
(63, 'WWNXWCIF3NY', '357JH4SAT3IC', '2NKU75M122DC', 313, 80, 42, 74, '1902.88', '3ZWMCKQVY489', 6, 11, 8),
(64, '37S71SV2T26L', '1BC7SW9MJMIT', 'ICTXM4XT2W', 325, 98, 55, 33, '1219.33', '2L9KCM2WE7WJ', 6, 7, 6),
(65, '37G79NGYPBW0', '247ENSSHZR4K', '35AA6QN1LA78', 354, 132, 44, 97, '1788.47', '5TISLNU483B4', 1, 3, 7),
(66, '4GBON6QTR2C0', '9HI2O0MIXNW', '25FLM7BEARYG', 411, 177, 62, 67, '1572.10', '4JX486PSA8MU', 7, 10, 7),
(67, '1940V954T2Y1', 'OXDGKOXJ3SD', '3W7TWJZR72SC', 349, 108, 52, 68, '1269.21', '3W1EIWHXLAMC', 4, 2, 3),
(68, '5SUEKPPQSWPC', '20XUH7ELCIXH', '4M5WI62SH4PY', 433, 153, 56, 23, '2564.81', '2OSZWWOUX2C', 9, 9, 2),
(69, '3PBCKQ26CC2', '1JEWTU5FDLIB', '1HWC7085TXL4', 414, 99, 37, 65, '1774.84', '1VECFF4X910L', 6, 4, 3),
(70, '2OKTOM6Z4IG5', 'P5Z2Y5KIUVT', '5P5BM3H50JJB', 395, 176, 36, 100, '1202.43', '1GOHGHQLLP8G', 3, 10, 5),
(71, '2NLTIVTF7AK', '3V5WYXFBNW03', '1920N3W2J7YB', 315, 124, 58, 17, '1168.43', '5Q4X4ALIKYNY', 9, 11, 2),
(72, '60KUCUX4H4X', '3FC0ZWT4T2X', 'WQM5KZOUNYO', 372, 138, 40, 28, '1513.33', '4ZBHFTLJ1RYW', 3, 8, 4),
(73, 'AFOY7VNCHFG', '4IWPV8EIV8B4', '197L0IFN92WB', 319, 80, 38, 25, '1452.99', '4HO6CY156U2U', 3, 6, 6),
(74, 'MPJ15TJBDP3', '5SKJBY6LY0PJ', '3U725AR419S9', 374, 116, 47, 79, '1187.17', '56FZ7WRGH68J', 3, 6, 7),
(75, 'AHQOGJSOE2N', '4HUAO5NSPIRX', '1CPAY5DA5YV1', 438, 85, 40, 46, '984.95', '5M0A3ZA9NOF5', 3, 3, 4),
(76, '3QFY6WPF60QG', '1ERTQGJAN8F1', '1C725BGSU2QT', 313, 80, 42, 77, '2220.45', '20ZYID3CGL2B', 4, 13, 5),
(77, '37L22SQVAYOX', '5W9GZDPCK44', '3478J944BEY9', 310, 115, 51, 33, '2301.66', '5MYKPQ4Y3XQS', 4, 6, 2),
(78, '551CJPRSCSEW', '4D30L1HO9JOO', 'S8VTSFSXUEM', 401, 84, 62, 60, '492.35', '1A0E8CSOUB8V', 2, 8, 5),
(79, '222L3KAGM61O', 'U9VXIFBH65M', '1V8GZNPQXKE9', 329, 125, 50, 7, '1600.93', '2IZTGX64WRGI', 5, 3, 1),
(80, '40X3LEDH4W3P', '5LTMV0JYMYMN', '4L32I4D2D7LE', 409, 155, 37, 53, '2885.53', '4N638NYGE2DW', 8, 11, 2),
(81, '359SIXGGOI0N', '2K45EGKYGY1V', '1I4W850RFNEA', 407, 99, 41, 31, '1501.72', '59QGL60Z837R', 3, 4, 4),
(82, '3RQM9HQ92DDT', 'SFBL56JLITX', '3EB1HVT546F4', 447, 170, 32, 52, '1070.37', 'P5FUG77R00B', 1, 8, 5),
(83, '58FYINKY34TJ', '4FHTPGS5TZEX', '1CMOE5V8VST7', 466, 75, 46, 43, '2187.36', '37UXD1TJNGRA', 9, 9, 7),
(84, '2LG84Q6MNL5J', '1VQY727N48C4', '1FPL5912IUYP', 336, 44, 54, 25, '436.75', 'NAOWX9952', 9, 11, 6),
(85, '2HOXMTVIHDKU', '9AW7GCXW8CD', '4HSM2X41DZQT', 377, 128, 60, 39, '909.51', '37X1YHV4K3C4', 9, 8, 2),
(86, '4LX59803DWW5', '38OL4RJA1HJX', '1HUC4HWB0451', 378, 52, 37, 66, '1938.86', '6QQIXQK9XWK', 6, 7, 6),
(87, '4JT4HLBLLXDI', '50LMYNODXDCT', '248JZQ9PN1CG', 455, 140, 61, 31, '2385.90', '3RM1UYW3X8N9', 8, 3, 4),
(88, '35I1ZWZYBTX9', '1CPY1CKYWI2', '37X1MI7HUHZL', 322, 63, 50, 28, '1869.96', 'REHYJSNTKR0', 3, 6, 2),
(89, '5NP4DL136RX', 'PVVE10ADF7B', '55B89TUN1I88', 321, 62, 50, 35, '2721.20', 'QA3GXO0K7B5', 3, 11, 7),
(90, '9HPDBTTBWQS', '3BVWT4QK1Z5T', '4GMDQVQX5Y4N', 451, 60, 38, 57, '490.52', '2JVCQX4N34KX', 4, 10, 6),
(91, '1I4X3UKLZSIW', '3PI2MRPVZPY', '1XR51T5TNRG7', 446, 179, 43, 93, '1389.36', '4JYF5OAI9J97', 5, 5, 1),
(92, 'MP4I59QWAI2', '1J1XA7MFPE9', '2PP9CRI8PCN8', 445, 51, 64, 60, '2924.03', '5WGCZAYEGS8', 6, 10, 2),
(93, '1COSGYPYR1CI', '19Y7S6S5Y3XW', '3B16HL73TDD0', 443, 162, 60, 74, '2993.56', 'MSQE7QKAP9V', 3, 9, 8),
(94, '5W15QFD2IDEI', '4JORHPZXOCBA', '40J7QFJMZ9Y0', 344, 165, 54, 83, '2836.52', '2OOKVAA7PMIL', 5, 7, 4),
(95, '4LTABHPJE1BG', '4FJYM15AVGFF', '4E8R7P5YQZ05', 304, 97, 32, 3, '2653.55', '1CEI96E2DDNK', 2, 13, 7),
(96, '1B69TDJBILGH', '201XBCUSKUCH', '7X5LBZN53D9', 342, 56, 30, 58, '2481.72', '40MQ2HDOJ3XW', 8, 5, 7),
(97, '1MWP4VGU3M7', '36K2BCM2UUOC', '36C6R7VUU0E9', 331, 72, 55, 89, '663.43', '38ZDI0GJ6EXM', 8, 5, 6),
(98, '4EF3BDSAEUUH', 'ONXIMDFDVUA', '1BKHNGNX4K3C', 347, 92, 35, 54, '721.78', '5VV0E479CY21', 8, 5, 4),
(99, '5W97ZY9CM1ON', 'S8G6BVHB4CK', '37OOB3MH9U7T', 434, 166, 35, 5, '2220.58', '3YQZNF6R53GC', 6, 2, 6),
(100, '369RMS6H1K7W', 'VNYIWOYNCE5', '4NP32DJ4P21', 326, 150, 48, 22, '1390.88', '3WE27U8FL75I', 7, 7, 1),
(101, 'TDMD5HS3BOQ', '1A3MKFUOEWF9', 'VO6NJD8DR4E', 404, 146, 65, 70, '1316.54', '2L7UTPDYUTJO', 6, 6, 6),
(102, '52U8EJKHHKEQ', 'PZOCKR9RDDR', '4K2S7ZCG7QRL', 370, 39, 62, 44, '1288.16', '1ZW63N1QD7ZD', 3, 5, 8),
(103, '530HU11EK74G', '4N5RV1M1FQP7', '4ZH7S8703MI1', 322, 53, 38, 85, '1354.50', '34HUCQEJR1KJ', 9, 4, 4),
(104, '3XCDH2U8HT0P', '2LFMCSIZZLEH', '86Y3IR9QGG', 323, 121, 49, 101, '983.49', '2RJQEZQGRC4', 5, 9, 5),
(105, '51M6LA8VBI4U', '5W90J5SNSC6A', 'NRV2YJQLN71', 332, 125, 49, 90, '2265.88', 'MRCIGZME6PX', 8, 10, 2),
(106, '195GER81MLBL', 'ULYZYD4BEZ8', '2S8EU241GE6P', 454, 162, 54, 77, '2141.39', '58882FWW9J34', 7, 11, 7),
(107, '1H23NPKKB9IG', '3ZEDOAV1YK0L', '203F6HIINXIC', 381, 132, 62, 57, '182.35', '5LTYB0U27B8J', 2, 1, 2),
(108, '4DD6AY1YYS5Y', '4DCI69BY5KMM', '2JXE7B2KAKF1', 406, 61, 32, 69, '783.17', '5TWBCPOGD6M0', 7, 6, 4),
(109, '19XZHCB2YCLS', '6ZYDAAVWQZ', '4HJHSG8YCO4', 424, 170, 47, 63, '1824.30', '3BA21MQMEQKT', 5, 12, 6),
(110, '3VDDR9SUKKOY', 'IZJK9QMK8T', '1A07C5NKKI6D', 458, 82, 58, 10, '2977.61', 'NPFCBJVYQJN', 8, 5, 5),
(111, '58AEUQTELD3X', '4L5HAL0LYQ8V', '7Z9GPXGF7RP', 364, 140, 48, 37, '775.17', '4EGX54CSHR8F', 9, 13, 4),
(112, '37T4YK08WGCN', '36S8AZW0EHYC', 'MHDHZUSK6IC', 329, 58, 41, 4, '739.61', '59KWJA6AHB15', 3, 10, 8),
(113, '5O57SK3OSR8O', '2K5G27VI6D8K', '2069DAHNTD0Y', 437, 51, 34, 32, '537.01', '5THWT95K83W4', 6, 3, 8),
(114, 'P69SIXEI2EU', '1CIN6KDWHWB2', '5Q5A5QXJNX95', 426, 146, 51, 77, '2796.09', '1WGK9V6MAQH7', 9, 1, 5),
(115, 'VE0KEW4ZMT7', '3VDE51BOZ215', '5RRHFZV59W1K', 366, 62, 57, 30, '420.00', '1ELACPOFBZ5K', 8, 6, 5),
(116, '2NI8BBMOI6D8', 'S2I8UQCC3V2', '51K4XC0N6704', 342, 37, 41, 58, '2570.59', '4HG79GH7KYVI', 9, 3, 7),
(117, '4EFLM9PL0ZFR', '4NSDWTASDQ8', '2OJBP88YYKWV', 372, 125, 59, 37, '721.24', 'T9A4658U4P3', 5, 2, 2),
(118, '5PAR1KLD4KX3', '2BE37V2HGXV', '3RKKG8B0Q9NX', 369, 76, 37, 19, '773.93', '1DP0FLKWRHJN', 9, 1, 5),
(119, '5P7JFNIU5Z0T', '4MXIL9K2WG8P', '1JEHJQJFOQSJ', 397, 148, 36, 54, '442.36', '40PK2EZ35XYO', 9, 7, 5),
(120, 'VM1WXKAKG02', '93IN6F6KBUD', '3YK7A9U4J8YX', 314, 172, 46, 52, '483.85', '51JUXB51BGOV', 2, 2, 5),
(121, '53YN2NAOVVYK', '36OHEYNR51GK', '3U9JTP1URYYW', 366, 173, 51, 21, '498.16', '3X6EDIUVWZ2W', 1, 13, 8),
(122, 'OVYDPQ1I5ES', 'UJ5VF07RNA8', 'AHJ1441RG64', 347, 40, 42, 66, '641.02', 'NPI2X3AD11J', 2, 1, 2),
(123, '3VBGRL7EB7MM', '2RCMAB6SD83', 'RC2P7IKVIIL', 393, 84, 31, 22, '2684.26', '4NDFK3POIBCZ', 6, 1, 5),
(124, '40WWB2O3QV2H', '4KV0NQBUMB5L', 'TF3LSCLFO10', 331, 137, 64, 83, '382.79', '4GI7PMY3QBT5', 4, 9, 2),
(125, '3TYA5YQAMW2', '5QE8ANBW1F4', '3P4TDBPZ0F1', 336, 160, 54, 87, '709.25', '6WXZ2YT97TR', 7, 5, 5),
(126, '1903I7LVLOV5', '2MINESR6VCID', '3YKU5GF329AW', 438, 143, 40, 27, '1224.18', '4JYQUIAHXWS6', 3, 1, 8),
(127, '34FTKZP5D3CJ', 'A77VB0X53YA', '1FLQTQLRXYBJ', 324, 84, 40, 42, '514.17', '4M1NYDC5C6T4', 3, 2, 2),
(128, '5LNOQ2JJQ71I', 'NJD705R5W1Y', 'TN9XCZ4KTH5', 339, 136, 58, 91, '310.69', 'RA9CFFP9GFY', 6, 4, 5),
(129, '2RPL67N0ORCN', '211ZBE8EVT21', '24L96YH5NPWI', 330, 104, 60, 87, '2127.46', '2ORDXRKY6B5T', 7, 2, 5),
(130, '4IOCCZTU3MLT', '1CCBFNXUYXCB', '7YKXA6Q6WSC', 347, 47, 50, 67, '1619.54', 'AJGJTYDOU03', 3, 11, 4),
(131, 'UF6ULALOG2M', '552SSBEBB69K', '1VEET939EUKL', 313, 93, 57, 67, '2866.38', '5W5KKMWOPH8L', 2, 2, 6),
(132, '1ACBRTF2PIK9', '2J7194NBVLDW', '52U1H9RQLK89', 314, 161, 34, 92, '706.07', '35JVRPIXV7K1', 4, 4, 3),
(133, 'AB2X7TJ83UY', 'VVFTTTM9FF7', '5LTT9CQX37QO', 378, 122, 51, 25, '1148.49', '1CD44641K14L', 1, 13, 8),
(134, '55ZO32KMKVHI', '1DRIUY2BBPY7', '3A16FU01W0W6', 359, 55, 52, 76, '2479.41', '191MSYYIGPO8', 4, 12, 6),
(135, '1XWVG6MR859R', 'SB2R90FB3K6', 'UH14Z12C19U', 454, 161, 52, 61, '241.15', '58I7GWXBZD2P', 3, 10, 4),
(136, '36KOG4FRF52C', '23EPLI8YP7AY', '2S8JRHCQF98A', 319, 150, 52, 74, '2334.08', '5O0JWNK1EYZE', 8, 12, 5),
(137, '3W61IIJUEF1G', '1DD4AIG517JB', '37UXLJQS7T4Z', 311, 50, 41, 34, '1920.67', '4GHY2VKYUKI8', 4, 12, 8),
(138, '40VBE52PQY4P', 'S0F46SRK4PB', '3H93XNMWHRS', 344, 48, 53, 9, '1165.43', '7WV158KC2YU', 3, 4, 7),
(139, '25LMZX44QXU2', '5TWWL6SKCECO', '4QBF8C84QGL', 309, 57, 51, 54, '2445.45', '3RJOX567JUH', 4, 10, 4),
(140, '4FDWA2AUWNK8', '50TPIA26KGCX', 'UHB89G1697L', 461, 130, 45, 20, '1945.35', '40QRNQLGZ2RB', 2, 1, 3),
(141, '4IYKM0U279SK', '207K0U7BR2DM', '4HUFNGCJ294B', 317, 48, 36, 56, '711.38', '2OVILJQ2I0BG', 3, 13, 2),
(142, '23AUZVTVU8WS', 'Q5XZTAI7CO1', '2OEZNOVH66LF', 391, 52, 65, 63, '293.11', 'VK1387NG5N8', 2, 8, 1),
(143, '563CXXSABZVA', '1A83CXIR1XRL', '3XGAUSYYE0NM', 420, 80, 45, 23, '2342.13', '4HC6LIAO66NH', 7, 10, 6),
(144, '2188Q0XRZB8K', '3TUYJ1R3OYYH', '59K87ZPNMAGS', 353, 86, 59, 16, '636.97', '25RHUP9YOC5S', 3, 6, 6),
(145, 'TFAGG2WSQ8D', '2QXWIXK5V42', '4HC5R27VJQB9', 437, 96, 54, 16, '1992.54', '19452FMZSCWQ', 2, 13, 5),
(146, '3YIPFEZWMNGC', '51XUDI2DKME6', '58OGVRBTKU4K', 374, 167, 39, 52, '2377.79', '2JV60L4DFGT9', 7, 9, 3),
(147, '343PHH6PUY3A', '5UWBHD638YEI', '39RKXIEELVF5', 408, 95, 35, 49, '2841.51', '1EX90Z3HUNV7', 6, 13, 4),
(148, '3YN2DB9WR6E1', '1A3YB6H1CHAC', '4HKGG3VDXWLD', 339, 46, 54, 19, '2435.21', '40NNUHMZGZXH', 2, 4, 1),
(149, '4D5BCGR84UFN', '548USHJZOOJC', '5UO9BLK8RJU5', 469, 124, 33, 58, '1707.72', '4M7QE8JT887A', 1, 7, 1),
(150, '2RRH3SPYYM9Y', '1XUXPMKHWIJP', '2PN1IY41YBC9', 308, 114, 51, 39, '246.76', '59GWGL2L3CBZ', 1, 10, 2),
(151, '553351FPXWE6', '2OGSM0KW463C', '58HZIEIDHPMD', 412, 138, 50, 80, '577.03', '565AF01GT3BV', 5, 11, 3),
(152, '52QE9HYW8N6T', '1XVDP9WUMZC0', 'UPZF0HFPHBR', 376, 43, 62, 50, '1854.17', '25P5VSAFFM5E', 2, 9, 6),
(153, '221ZHCDG2A2V', '4LT0C6HZXC7B', '2PH4LZRJN2DK', 456, 149, 36, 56, '616.13', '1FTTFEA6S5KG', 8, 13, 6),
(154, 'WWFQXF01BRW', 'VTUBMY3CE9N', '2K1EN3G4RHM3', 359, 58, 56, 31, '680.34', '36FSYDKP37NS', 1, 10, 2),
(155, '25HHEW66RCG5', '39ZJOMQI1ORG', '1JB66TIAKFPT', 410, 82, 53, 34, '1940.04', '1VOJ8DJ3FA5X', 2, 4, 8),
(156, '2GUFCVLYI2O', '1EGXQUROIFD9', '22CE3LVGYBOO', 423, 81, 45, 16, '1397.17', '4JTB0G4IA0K8', 6, 11, 2),
(157, '588C4GFNF9KN', '50HAUGYCXW9L', '5SSLP8ZA196T', 314, 155, 61, 93, '2726.11', 'WW7T2BLWT67', 3, 1, 7),
(158, '5887ECSD8N92', '2PLQI4EVEGPX', '5UUO7W0CW6GP', 376, 93, 52, 4, '636.74', '1HRZYGKODNE1', 9, 4, 1),
(159, '8L9YFKMFS8', '563DO6SRM5G9', '2L9VSTYCAR64', 387, 44, 57, 71, '519.61', 'TAVTECH9EIH', 8, 8, 6),
(160, '1B6DG0DRK87W', '5LU1VZTCMSDW', '2HPEW7LTET1O', 386, 108, 65, 46, '766.82', '1ZTG1TVYBZFX', 7, 3, 4),
(161, '3SOLP397320N', '1B4CVWTSSTRB', '2LCH257J1WEX', 352, 117, 62, 91, '2145.78', '1XNAG7AGGP6L', 2, 1, 8),
(162, '59CD31IVH6OL', 'UR6Y1P9QR93', '5N20HX61P0E4', 432, 58, 47, 95, '748.15', '5LUK2ETJ3D1V', 7, 7, 3),
(163, '3C7JBBQKBNSC', '4MZYSN467WMY', '34BEFQUFE1OS', 381, 177, 47, 44, '2146.48', '4NDJ48P5EMK9', 9, 12, 7),
(164, '56BQ6VPSCYBT', '5888HL2K7Z8H', '40L3VG8LVJ7B', 336, 105, 57, 47, '2800.21', '557N276AZ1J4', 6, 4, 8),
(165, '38IN9WBPS7MR', '39QTCSPUYM3W', '4RGATUJUZ81', 451, 126, 46, 47, '2625.05', '3QOEG6HFBVZ0', 5, 5, 5),
(166, '38QIR58OQLTP', '1GPONWBAICYP', '5M1OQVQS90Q1', 435, 73, 62, 81, '743.19', '5LSI78L2VXHV', 4, 12, 7),
(167, '2L4FZ1BJCM96', 'AF377R4H8UZ', '57G6NAT39Z3C', 435, 140, 38, 101, '814.65', '99160ASD3YW', 3, 2, 7),
(168, '5W9BLQ6A2SKO', '3XE5UX9DUIR8', 'A7DBEW4MHQ', 320, 109, 37, 47, '2051.65', '2LETSX00BTZ', 9, 9, 7),
(169, '2NKXGJOSM9XL', '59QK1MTT1R7C', '3E4WUSMHKEV5', 325, 179, 48, 61, '1282.75', '3D843319Z3M3', 3, 11, 7),
(170, '3FPSLAOK3E1', '2MAGSWJ1FN0J', '51WBP7CQFV2X', 424, 112, 46, 71, '419.23', '4MA87YOE4IS', 7, 10, 4),
(171, '1J6U2CVH82KX', '1KKJKIJD190', '2K1P088TO22Q', 450, 140, 64, 75, '2154.65', '1C72QMA83PPQ', 9, 6, 7),
(172, '37K69IZHYZ4X', '37X1SD4LXQE0', '4SCFW6XTOTW', 303, 61, 60, 82, '1215.23', '3TT84GT3SKJC', 5, 10, 2),
(173, '2RRWAABS6857', '1GPOGXRFYMKE', '3V3ZTD6BSGMF', 435, 142, 40, 31, '1673.46', '4HLY63NWLBOW', 7, 8, 2),
(174, '2RY1I3Q1XXRT', '39XD9D8TNSKE', '4ZJZ2DE3DZ8A', 353, 170, 55, 76, '1815.20', '38UTQG3YAMS4', 4, 3, 8),
(175, '36FTM6FWFNQS', 'G96BDPDYAA', '3E4VOYKJL52S', 326, 123, 50, 8, '1799.11', '24FHWY55NYM0', 4, 13, 6),
(176, '1B8DVZQHSJ6L', '4ZL1PHMD2SHO', '4114TRO1AWFJ', 306, 134, 41, 60, '2744.47', '51TSZE9XD4LY', 5, 1, 5),
(177, '1JAVFQXJ0JEY', '3CCD7GOE1YHI', '4IIBIY2F0WLH', 311, 142, 47, 27, '2385.06', '56705JRVMKAD', 8, 11, 1),
(178, 'MH2ANB38C9E', '1ZTYJX046V4U', '2PXTPCMBXLEE', 302, 151, 63, 40, '284.04', 'A33MNN0GZI0', 1, 5, 4),
(179, 'UD0G2W1LHD1', 'UJ1OQGDBMES', '1YV5YP6G33M7', 435, 107, 33, 95, '1316.51', 'T4PI40KLQ2P', 6, 12, 8),
(180, '2LKIBPWWDOF', '2K37GKA0NRJD', '561VROUPZL4K', 395, 52, 62, 20, '672.84', '1BKGX0LGIKHK', 9, 3, 5),
(181, '4M9IVKU7P9T4', '5888GH49239G', '1V7Z9H3MBUZV', 432, 104, 32, 87, '435.00', 'Q24D5J71SXF', 3, 11, 3),
(182, '1V9ZOPKYTXVG', '35BIG94Q3DPL', '5SQ2NE0SD12E', 427, 171, 46, 49, '2936.29', '5OD71AO72SUR', 7, 5, 6),
(183, 'Q2F2UT28H48', '50NV0AWMCA9K', '1CADZ8S78OUD', 312, 49, 39, 7, '1370.97', '4IMKAVM98Y3U', 1, 5, 4),
(184, '1BC6WSA5MT6D', '5477ELC6GU7O', '3CE73P6CIX1M', 364, 65, 62, 91, '2336.22', '1B6NRQPOV22F', 7, 7, 6),
(185, '5M4IDO4I1790', '52LXOV216FA5', '5TUI691V52R', 395, 58, 35, 18, '1385.67', '38QP9WZM4CZC', 2, 10, 2),
(186, '25JEYZ62H5F2', '4F543WOJLELE', '4ZRBVIBRBKYL', 451, 157, 49, 27, '1827.92', '563RZN3P70IX', 4, 11, 3),
(187, '1I2AVY1LY27V', '4L5AEXTTTE25', 'A580B3G8ORD', 424, 156, 65, 48, '1022.93', '3QFTWFRCLVSO', 1, 9, 7),
(188, '355YUC9A737M', '2N6JNFHJ68K', '2PHIZII2I3TN', 419, 39, 31, 8, '839.40', '51LOEXY4B020', 1, 12, 3),
(189, '1JELLT8PWDS7', '3ZUM9DLGCG5X', '2L2BQBJFAEOP', 302, 75, 42, 92, '1491.45', '1FLS5RFDYYEA', 6, 13, 4),
(190, '5PP4Z0RHYJD', '4GO74KU2O32S', '4O389ENLV33', 331, 139, 32, 14, '1379.20', '6UJKS4ZFT32', 3, 11, 8),
(191, '5TSRL3BZ7X6M', '5OAH9C4A41MF', 'AHJKPXEA6F3', 386, 159, 57, 29, '223.58', '3AR33EPTTCM8', 1, 11, 6),
(192, '3WK8QKLUX4XO', '5SNNUNBA95GW', '2HT23MGMKMFR', 467, 150, 31, 78, '2177.70', '3TNZBCUYAI6', 5, 6, 4),
(193, '2247QVPJPOF2', '1XGJL8YIDSRJ', '5578J6N1LWS3', 367, 92, 58, 78, '1357.03', 'WMGXXLVBOZW', 6, 3, 3),
(194, 'PSFL5VILZEF', '85057BRF251', '2K9L2NTR9MQP', 375, 175, 48, 67, '2169.11', '4HK1QN9WAZFV', 5, 8, 2),
(195, '34B653ANO8EV', '2DFESZSLIWO', '2NKYJZS7OD8Y', 381, 44, 61, 28, '2007.60', '4K18V8KOJZQ9', 9, 11, 6),
(196, '4L4TBI9Q4E01', '3QTU9B4TGK8N', '78G540N7RFC', 445, 69, 51, 31, '2087.68', '18OXSGWHWTT', 6, 1, 8),
(197, '3YKG6ZUTUP5C', '5SGD8ZQI242G', '2RRZ75YVUF0Y', 416, 52, 49, 39, '818.02', '2L1WC9S127WY', 7, 5, 2),
(198, '53STLMO0CCSJ', '3AR352UMD801', '36OOAIU2L9HL', 468, 122, 31, 34, '1701.19', 'NR9HIDID53Q', 9, 11, 5),
(199, '23ELFM4DUT8B', '3EE93UVX6ICC', 'AFHQGIFHS6K', 381, 82, 36, 95, '451.80', '20ZLGKDU4AQE', 9, 8, 7),
(200, '1XWVS802CW7Q', '3ZJC365BB4T0', '3E8FVBCFV12D', 318, 124, 56, 83, '2624.81', '5TW3DATE3A0Y', 4, 9, 5),
(201, '7YRGYR1JSQL', '4GODN6Z1BYNM', 'R68V2YU5MFO', 319, 38, 57, 79, '1708.70', '34I5GYV4P8NC', 5, 3, 3),
(202, '5RNY6PVGT5MH', '2164UDNZ72VI', '4EFB9X50DSKF', 375, 43, 64, 65, '886.01', '4EHMKKPK9C9D', 6, 3, 1),
(203, '4N476KBH6KVK', '2QR6V8JNCDYT', '369ZVRPP8KR5', 391, 40, 49, 64, '1528.65', '1AGJ57M522RB', 5, 7, 6),
(204, '4JZ5NL02YHWC', 'URF72CXW243', '1V8HKLRSAHJP', 317, 164, 36, 15, '627.49', '18T98DOG6IVG', 6, 12, 8),
(205, '2L7YT2NKC43B', '38J5B3R09N8C', '39MRQS0IH9OG', 399, 119, 35, 3, '1849.30', '2MGQN0E1SYKB', 9, 1, 2),
(206, '3X8JBY6B1JB5', 'WYH8D29XP6O', '4E3JAEBLY261', 428, 41, 63, 61, '528.19', '3CCDWK19JKD3', 2, 2, 8),
(207, 'NPIFFCA1K0K', 'Lakolk', 'Ceci est un meuble', 136, 50, 49, 13, '611.90', '5UOTMVUGHI0F', 8, 3, 5),
(208, '4HBNIS0BDIOA', '1A6L3N6POQXE', '5VU7JVD0E51', 319, 92, 52, 100, '175.28', '5W67GINJZFS', 9, 10, 3),
(209, 'QY30TTYU7BL', 'A9V5QMW3DIJ', '2K3BZD9K9K8T', 336, 177, 39, 37, '2890.57', '40X596NNUC1U', 6, 2, 5),
(210, '2RQ34SLICKWJ', '1VOMGRDKV64P', '36O6VOONRXO8', 341, 139, 60, 10, '2659.48', 'TDE3J6OOZN5', 2, 10, 6),
(211, '5SFRH96DLNPO', '4HGB3ZKF01J8', '3CBKVITKQ04J', 351, 104, 47, 5, '2105.45', 'CWZGJNWE5I', 8, 3, 1),
(212, '1WMAPLNAO7WX', '3SYY9KZ96ZRQ', '40ZN191SHYS3', 410, 121, 31, 39, '2309.05', '38ZHUV3N171K', 6, 4, 4),
(213, '5LNX0LRNN9S', '1FLQNUCXV0AY', '2ON340ZMLRMI', 384, 170, 36, 9, '2509.56', 'UNYGHSRJHTP', 4, 8, 3),
(214, 'T6UVSO21YIJ', '540OEJ1MFQDD', '1GNSP99B1K11', 390, 40, 50, 84, '1159.18', '56DNCS6WYJ3X', 6, 12, 4),
(215, '22FZIPW247YT', '5OEDKD5LFR8L', '60P4JY6KEDV', 426, 57, 49, 23, '1407.50', 'VHY3VFN5PA1', 8, 7, 1),
(216, '4JSDF23NGRVW', '5SHLE5LRP7DJ', '5P7G5BRLFRRS', 315, 78, 38, 23, '1300.43', '23GPBAEUGP0C', 3, 10, 7),
(217, '3U3B2O4RQI1N', '1VGJSSW826RJ', '1FQ0FHG2EQTP', 346, 51, 56, 45, '2656.98', '2IV1TJ37IIPD', 1, 2, 5),
(218, '3QRXUFMRWMLH', '544EHL7GXN2R', '2R3ZCN4KVB9S', 416, 110, 49, 16, '403.31', '3TSSPFR5ESEX', 1, 2, 1),
(219, '3QY2N9LIE1QA', '50DEE2MTMMCM', '3RUTSFZ27NZP', 369, 76, 37, 13, '2989.04', '1EFPMXGN5Y2O', 3, 7, 2),
(220, '5LS0MQ2DBFR7', '58EK3LMZR545', '55ZCW0TBPYS8', 367, 61, 56, 13, '1181.53', '3ED2NM1PT1FI', 3, 11, 4),
(222, 'QW3652KHBUC', '1Z3EB2280PFP', '3ZJ4AAXO2UNX', 456, 123, 40, 66, '1070.43', '5VWSKOV37POL', 5, 10, 5),
(223, '5RJAUOC786ID', 'VPELDW6EW8B', '1AAHPIOVQ2W4', 376, 117, 48, 85, '1978.54', '1AFU9DESIRAS', 4, 5, 7),
(224, '3ZLBYKLSWJAM', '203PRH3B4124', '23GP2R0NJ0NP', 307, 139, 45, 7, '2819.11', '52W8GTN99O44', 9, 1, 3),
(225, '4JP2PU8IYDW3', '5PCO28BM4IGY', 'AQ85KFV4W7', 416, 64, 63, 11, '1934.04', '4HBQZM7KGTYO', 9, 7, 4),
(226, '37SISGOTAPH9', '76CFYQ22X4A', '2QO31VDD8R3U', 392, 82, 65, 99, '2715.29', '4NC9MVAJPRUG', 7, 5, 1),
(227, '3BWB5U3LTZ91', '1H6FQDXIKONX', '1EMDXT5WJCN', 431, 146, 48, 30, '2609.44', '22482L4VO561', 8, 5, 4),
(228, 'NNMLQOKAOIS', '2QLK5F87RNL2', 'OQ8RJEVAUXY', 469, 57, 57, 44, '2383.08', '1GQE91WDVJ4T', 7, 13, 2),
(229, '3B3LS8BBHFWK', '21031R1A9DUF', '4KRAPU39NODZ', 382, 169, 36, 12, '2977.22', 'SIF5CO2535V', 2, 7, 1),
(230, '59QS60E65PW4', '6WD9ZKS1K1Q', '1JD6LQJVOKW8', 318, 55, 43, 44, '2966.34', '4Z9VJKIKE9B3', 7, 8, 8),
(231, '2JVCCIEDF2R3', '1WEG32SUKFZD', 'TIXQI8EIS1I', 364, 57, 52, 75, '2194.67', '3C5ZYUUIKRRR', 3, 10, 3),
(232, 'AFSKJ3R4ZZ8', 'R2I7CIBUJJJ', '5RQ2JC08RUQ', 422, 130, 34, 69, '2942.49', '5TRYVUJ2HAXV', 4, 8, 4),
(233, '1A0JACXO9DNN', '3RMO77Y7SFEX', '1BC0CD4W80OE', 431, 91, 52, 101, '338.65', '2R3KU8E21WF0', 4, 7, 7),
(234, '3F5LFHRYVUY', '3AX8KCAUI9TH', '2OP2TGA60N21', 435, 73, 62, 87, '1447.11', '1COI2DMGAEO8', 9, 7, 5),
(235, '5SU3ARJYX882', '3VBUXGD8GH9Z', '59U2D0OZU3FV', 343, 106, 54, 100, '2549.22', '3DILOJ270JP8', 3, 8, 5),
(236, '3U3DTENF6KKD', '5LVTNLS6HWJZ', '2OMVVCVRJBPK', 420, 73, 37, 23, '1428.60', '2JV9FP8H3MLY', 9, 12, 4),
(237, '2LC5ZYE49M3O', '1B2B6WCFLJ4O', '36CHTEYF5VK5', 458, 144, 64, 59, '2822.84', '1JD9NHJRMYFG', 2, 11, 5),
(238, 'IDQHJUA62A', '50LJUXN9T7ER', '3QMD2QL7CGI6', 324, 141, 38, 101, '886.23', '5VQRRD2BNVML', 4, 3, 2),
(239, '16HN5DT2V3R', '2N5XYOYK9I', '5MLQZVD1NKD', 462, 50, 53, 3, '364.06', '1B498KOPIHUS', 3, 11, 4),
(240, '4GOCVC0BXUNT', '5N8V4750ZS5V', '5PFKPY3U5V8U', 394, 83, 31, 10, '1188.57', '2PLN0YKAM4BD', 3, 9, 5),
(241, '3B3ZYJTLQS3H', '3ZGEMSEAK08P', '4MZBBU6QV05T', 453, 141, 64, 66, '1012.77', '1ENE1K9DOSKC', 2, 12, 6),
(242, '2L7YGQM5CULO', '553AJE8Z47A3', '3QW4YQGEBKVW', 447, 52, 64, 55, '2252.31', '4GNK9EKQKSWW', 8, 13, 1),
(243, '1WKODMULYBW5', '1HS7VS7KGJK0', '4G9G878C0N0D', 363, 137, 45, 100, '1994.80', '4E30MJ6V0DYU', 9, 11, 4),
(244, '4HC5JDB8S5OD', '8Z2KIJ1QHJT', '2OEOYTZWOUZZ', 307, 172, 51, 20, '420.05', '97CXP5WWWTU', 6, 1, 6),
(245, '3TCVRCH58MU', '1JF0GKHMT0VS', '1J0GMKXFCOZ9', 445, 69, 52, 40, '225.60', '201LQX8V1HU4', 1, 1, 6),
(246, 'AFPJFJFRMQK', '2QVJBV8AFPIQ', '2MWWPU6CYK9', 325, 64, 50, 24, '1326.19', '5416V0J7MB6X', 8, 3, 4),
(247, '3EMN9K8J8FYM', '3A1HQI22CKIL', '1XOVTOROFJ9P', 324, 71, 58, 26, '2526.45', '51NRYMEKNDJ9', 7, 11, 8),
(248, '1BI8CPZQDBP3', '1DPIK95NMJVC', '25PCZEBVD5IV', 354, 136, 48, 48, '2417.31', '1VCEDSN2MSJE', 8, 8, 8),
(249, 'TDB5GH8W6HP', '1ETU6MJ8JX3K', '5083AWHEMJ7', 406, 160, 45, 60, '1911.39', '4IOZ1Q85H3EK', 5, 10, 7),
(250, '38V4BN01YUF5', '37M91N6FIX7J', 'PSC4168QPM9', 415, 85, 54, 43, '2944.37', '1B7VC2P8NWE', 3, 2, 3),
(251, '3AZJVBCZEICN', '3TTF8YG9JMIF', '5OF7OCQSHESL', 468, 48, 46, 7, '2592.64', '5RLFMQ8OSY15', 6, 2, 2),
(252, '3E886T7SKHNL', '25NVSM3AYNQV', '4K39FAB377NC', 309, 42, 33, 30, '523.18', '7YVHYJ5T9BC', 3, 12, 5),
(253, '540S0Z275NM4', '5LPPT6E73YQ2', '36GJ8JI2VVBG', 443, 174, 39, 46, '1318.78', '933F0HAI34E', 2, 8, 2),
(254, '226N6OKSDFBN', '24MRF7KHPF2O', '3WJUEPZKQGHS', 306, 117, 55, 94, '1425.91', '18XSQJT9FE4C', 5, 11, 8),
(255, '37SBJT0B0NIK', '5RG2PWMHLOX4', '51PWVX7AG7QZ', 313, 159, 32, 70, '806.24', '355FE5GQ66AX', 1, 10, 3),
(256, '5M6N4REZNQNI', '2S02N6IJOTT5', '6W2YIQO1U3P', 426, 171, 46, 54, '755.71', '3DAD0GWWZ9W0', 8, 9, 6),
(257, '59SUZTWUI6X9', '2J7ND7VK0FYW', '1CL990EWMHT5', 428, 76, 35, 90, '2958.91', '2RVM16TNS5QN', 6, 4, 6),
(258, '40VF023T45Q0', '1DBD4912ORBD', '4JL888UY12G4', 349, 80, 54, 45, '579.65', '4E7CR1KBIOKH', 4, 9, 7),
(259, '5SKJDGXP3J2D', 'RC7PSTU0LCC', '23CLEFH78O72', 436, 41, 58, 89, '2873.77', '5UV7LCKOURTD', 4, 7, 6),
(260, '4L3HRWIFNJ6M', '1DRIUZEZZE33', 'R07ZNP9MMDL', 379, 62, 49, 13, '2872.02', '23IFD3G7IR1X', 4, 3, 8),
(261, '5LSBUSIRVV9H', '3T0ZGM5W1R9I', '3U0ZMVJEKTYC', 370, 132, 34, 61, '1785.57', '2OHF645I3WDG', 8, 10, 8);

--
-- Déclencheurs `meuble`
--
DELIMITER $$
CREATE TRIGGER `doublonMeuble` BEFORE UPDATE ON `meuble` FOR EACH ROW BEGIN
	IF (new.reference != old.reference)
    THEN
    	SIGNAL SQLSTATE '45023'
 		SET MESSAGE_TEXT = 'La référence du meuble ne peut pas exister en doublon';
    END IF;
END
$$
DELIMITER ;
DELIMITER $$
CREATE TRIGGER `nomMeuble` BEFORE INSERT ON `meuble` FOR EACH ROW BEGIN
	IF (LENGHT('new.nom') < 3)
    THEN
    	SIGNAL SQLSTATE '45023'
 		SET MESSAGE_TEXT = 'Le nom du meuble doit avoir plus de trois caractères';
    END IF;
END
$$
DELIMITER ;
DELIMITER $$
CREATE TRIGGER `poidsMeuble` BEFORE INSERT ON `meuble` FOR EACH ROW BEGIN
	IF (new.poids < 2 AND new.poids > 100)
    THEN
    	SIGNAL SQLSTATE '45023'
 		SET MESSAGE_TEXT = 'Le poids du meuble doit être compris entre 2kg et 100kg';
    END IF;
END
$$
DELIMITER ;
DELIMITER $$
CREATE TRIGGER `refMeuble` BEFORE INSERT ON `meuble` FOR EACH ROW BEGIN
	IF (new.reference IS NULL)
    THEN
    	SIGNAL SQLSTATE '45023'
 		SET MESSAGE_TEXT = 'Le meuble doit avoir une référence';
    END IF;
END
$$
DELIMITER ;
DELIMITER $$
CREATE TRIGGER `volMeuble` BEFORE INSERT ON `meuble` FOR EACH ROW BEGIN
	IF (new.largeur * new.hauteur * new.profondeur <= 1000)
    THEN
    	SIGNAL SQLSTATE '45023'
 		SET MESSAGE_TEXT = 'Le volume du meuble doit être supérieur ou égal à 1000cm3';
    END IF;
END
$$
DELIMITER ;

-- --------------------------------------------------------

--
-- Doublure de structure pour la vue `meubleavececopart`
-- (Voir ci-dessous la vue réelle)
--
CREATE TABLE `meubleavececopart` (
`idMeuble` int
,`nom` varchar(50)
,`largeur` int
,`hauteur` int
,`profondeur` int
,`prix` decimal(10,2)
,`poids` int
,`idMateriau` int
,`idFamille` int
,`ecopart` decimal(14,6)
);

-- --------------------------------------------------------

--
-- Structure de la table `type`
--

CREATE TABLE `type` (
  `idType` int NOT NULL,
  `nom` varchar(50) DEFAULT NULL,
  `montantForfaitaire` decimal(10,2) DEFAULT NULL,
  `idFamille` int NOT NULL
) ENGINE=InnoDB DEFAULT CHARSET=utf8mb4 COLLATE=utf8mb4_0900_ai_ci;

--
-- Déchargement des données de la table `type`
--

INSERT INTO `type` (`idType`, `nom`, `montantForfaitaire`, `idFamille`) VALUES
(1, 'Table', '0.48', 3),
(2, 'Matelas', '0.45', 1),
(3, 'Chaise', '0.09', 3),
(4, 'Meuble TV', '0.34', 2),
(5, 'Fauteuil de salon', '0.45', 2),
(6, 'Canapé', '0.57', 2),
(7, 'Sommier', '0.36', 1),
(8, 'Fauteuil de bureau', '0.21', 4),
(9, 'Table basse', '0.19', 2),
(10, 'Fauteuil', '0.41', 2),
(11, 'Buffet', '0.51', 3),
(12, 'Table de nuit', '0.14', 1),
(13, 'Bibliothèque', '0.33', 4);

-- --------------------------------------------------------

--
-- Structure de la vue `meubleavececopart`
--
DROP TABLE IF EXISTS `meubleavececopart`;

CREATE ALGORITHM=UNDEFINED DEFINER=`root`@`localhost` SQL SECURITY DEFINER VIEW `meubleavececopart`  AS SELECT `m`.`idMeuble` AS `idMeuble`, `m`.`nom` AS `nom`, `m`.`largeur` AS `largeur`, `m`.`hauteur` AS `hauteur`, `m`.`profondeur` AS `profondeur`, `m`.`prix` AS `prix`, `m`.`poids` AS `poids`, `m`.`idMateriau` AS `idMateriau`, `t`.`idFamille` AS `idFamille`, (`m`.`prix` / 100) AS `ecopart` FROM ((`meuble` `m` join `type` `t` on((`m`.`idType` = `t`.`idType`))) join `materiau` `mat` on((`m`.`idMateriau` = `mat`.`idMateriau`))) ;

--
-- Index pour les tables déchargées
--

--
-- Index pour la table `collection`
--
ALTER TABLE `collection`
  ADD PRIMARY KEY (`idCollection`),
  ADD KEY `Collection_Famille_FK` (`idFamille`);

--
-- Index pour la table `famille`
--
ALTER TABLE `famille`
  ADD PRIMARY KEY (`idFamille`);

--
-- Index pour la table `materiau`
--
ALTER TABLE `materiau`
  ADD PRIMARY KEY (`idMateriau`);

--
-- Index pour la table `meuble`
--
ALTER TABLE `meuble`
  ADD PRIMARY KEY (`idMeuble`),
  ADD UNIQUE KEY `reference` (`reference`),
  ADD KEY `Meuble_Collection_FK` (`idCollection`),
  ADD KEY `Meuble_Type_FK` (`idType`),
  ADD KEY `Meuble_Materiau_FK` (`idMateriau`),
  ADD KEY `idx_meuble_nom` (`nom`);

--
-- Index pour la table `type`
--
ALTER TABLE `type`
  ADD PRIMARY KEY (`idType`),
  ADD KEY `Type_Famille_FK` (`idFamille`);

--
-- AUTO_INCREMENT pour les tables déchargées
--

--
-- AUTO_INCREMENT pour la table `collection`
--
ALTER TABLE `collection`
  MODIFY `idCollection` int NOT NULL AUTO_INCREMENT, AUTO_INCREMENT=10;

--
-- AUTO_INCREMENT pour la table `famille`
--
ALTER TABLE `famille`
  MODIFY `idFamille` int NOT NULL AUTO_INCREMENT, AUTO_INCREMENT=5;

--
-- AUTO_INCREMENT pour la table `materiau`
--
ALTER TABLE `materiau`
  MODIFY `idMateriau` int NOT NULL AUTO_INCREMENT, AUTO_INCREMENT=9;

--
-- AUTO_INCREMENT pour la table `meuble`
--
ALTER TABLE `meuble`
  MODIFY `idMeuble` int NOT NULL AUTO_INCREMENT, AUTO_INCREMENT=262;

--
-- AUTO_INCREMENT pour la table `type`
--
ALTER TABLE `type`
  MODIFY `idType` int NOT NULL AUTO_INCREMENT, AUTO_INCREMENT=14;

--
-- Contraintes pour les tables déchargées
--

--
-- Contraintes pour la table `collection`
--
ALTER TABLE `collection`
  ADD CONSTRAINT `Collection_Famille_FK` FOREIGN KEY (`idFamille`) REFERENCES `famille` (`idFamille`);

--
-- Contraintes pour la table `meuble`
--
ALTER TABLE `meuble`
  ADD CONSTRAINT `Meuble_Collection_FK` FOREIGN KEY (`idCollection`) REFERENCES `collection` (`idCollection`),
  ADD CONSTRAINT `Meuble_Materiau_FK` FOREIGN KEY (`idMateriau`) REFERENCES `materiau` (`idMateriau`),
  ADD CONSTRAINT `Meuble_Type_FK` FOREIGN KEY (`idType`) REFERENCES `type` (`idType`);

--
-- Contraintes pour la table `type`
--
ALTER TABLE `type`
  ADD CONSTRAINT `Type_Famille_FK` FOREIGN KEY (`idFamille`) REFERENCES `famille` (`idFamille`);
COMMIT;

/*!40101 SET CHARACTER_SET_CLIENT=@OLD_CHARACTER_SET_CLIENT */;
/*!40101 SET CHARACTER_SET_RESULTS=@OLD_CHARACTER_SET_RESULTS */;
/*!40101 SET COLLATION_CONNECTION=@OLD_COLLATION_CONNECTION */;
